{
  "Total" : {
    "transaction" : "Total",
    "sampleCount" : 30,
    "errorCount" : 0,
    "errorPct" : 0.0,
    "meanResTime" : 4.3999999999999995,
    "medianResTime" : 3.0,
    "minResTime" : 1.0,
    "maxResTime" : 15.0,
    "pct1ResTime" : 12.400000000000013,
    "pct2ResTime" : 13.899999999999999,
    "pct3ResTime" : 15.0,
    "throughput" : 57.034220532319395,
    "receivedKBytesPerSec" : 29.965244771863116,
    "sentKBytesPerSec" : 10.285468155893536
  },
  "GET_Sessions" : {
    "transaction" : "GET_Sessions",
    "sampleCount" : 10,
    "errorCount" : 0,
    "errorPct" : 0.0,
    "meanResTime" : 2.9,
    "medianResTime" : 2.5,
    "minResTime" : 1.0,
    "maxResTime" : 6.0,
    "pct1ResTime" : 5.9,
    "pct2ResTime" : 6.0,
    "pct3ResTime" : 6.0,
    "throughput" : 20.080321285140563,
    "receivedKBytesPerSec" : 22.570751757028113,
    "sentKBytesPerSec" : 4.216083082329317
  },
  "GET_Health" : {
    "transaction" : "GET_Health",
    "sampleCount" : 10,
    "errorCount" : 0,
    "errorPct" : 0.0,
    "meanResTime" : 4.1000000000000005,
    "medianResTime" : 2.0,
    "minResTime" : 1.0,
    "maxResTime" : 15.0,
    "pct1ResTime" : 14.200000000000003,
    "pct2ResTime" : 15.0,
    "pct3ResTime" : 15.0,
    "throughput" : 19.267822736030826,
    "receivedKBytesPerSec" : 3.6503492292870905,
    "sentKBytesPerSec" : 2.314396676300578
  },
  "POST_Sessions" : {
    "transaction" : "POST_Sessions",
    "sampleCount" : 10,
    "errorCount" : 0,
    "errorPct" : 0.0,
    "meanResTime" : 6.199999999999999,
    "medianResTime" : 5.0,
    "minResTime" : 3.0,
    "maxResTime" : 13.0,
    "pct1ResTime" : 13.0,
    "pct2ResTime" : 13.0,
    "pct3ResTime" : 13.0,
    "throughput" : 19.723865877712033,
    "receivedKBytesPerSec" : 5.181367110453649,
    "sentKBytesPerSec" : 4.160502958579881
  }
}