{
  "Total" : {
    "transaction" : "Total",
    "sampleCount" : 30,
    "errorCount" : 0,
    "errorPct" : 0.0,
    "meanResTime" : 20.4,
    "medianResTime" : 7.5,
    "minResTime" : 1.0,
    "maxResTime" : 213.0,
    "pct1ResTime" : 67.80000000000013,
    "pct2ResTime" : 172.29999999999995,
    "pct3ResTime" : 213.0,
    "throughput" : 55.04587155963303,
    "receivedKBytesPerSec" : 15.212872706422017,
    "sentKBytesPerSec" : 9.926892201834862
  },
  "GET_Sessions" : {
    "transaction" : "GET_Sessions",
    "sampleCount" : 10,
    "errorCount" : 0,
    "errorPct" : 0.0,
    "meanResTime" : 27.9,
    "medianResTime" : 7.0,
    "minResTime" : 6.0,
    "maxResTime" : 213.0,
    "pct1ResTime" : 192.80000000000007,
    "pct2ResTime" : 213.0,
    "pct3ResTime" : 213.0,
    "throughput" : 30.48780487804878,
    "receivedKBytesPerSec" : 11.492473323170731,
    "sentKBytesPerSec" : 6.401248094512195
  },
  "GET_Health" : {
    "transaction" : "GET_Health",
    "sampleCount" : 10,
    "errorCount" : 0,
    "errorPct" : 0.0,
    "meanResTime" : 11.100000000000001,
    "medianResTime" : 4.0,
    "minResTime" : 1.0,
    "maxResTime" : 74.0,
    "pct1ResTime" : 67.40000000000002,
    "pct2ResTime" : 74.0,
    "pct3ResTime" : 74.0,
    "throughput" : 19.011406844106464,
    "receivedKBytesPerSec" : 3.601770437262357,
    "sentKBytesPerSec" : 2.2835967205323193
  },
  "POST_Sessions" : {
    "transaction" : "POST_Sessions",
    "sampleCount" : 10,
    "errorCount" : 0,
    "errorPct" : 0.0,
    "meanResTime" : 22.2,
    "medianResTime" : 10.0,
    "minResTime" : 4.0,
    "maxResTime" : 139.0,
    "pct1ResTime" : 126.30000000000004,
    "pct2ResTime" : 139.0,
    "pct3ResTime" : 139.0,
    "throughput" : 21.645021645021643,
    "receivedKBytesPerSec" : 5.686045725108225,
    "sentKBytesPerSec" : 4.565746753246753
  }
}