{
  "GET_Messages" : {
    "transaction" : "GET_Messages",
    "sampleCount" : 9562,
    "errorCount" : 0,
    "errorPct" : 0.0,
    "meanResTime" : 257.6964024262712,
    "medianResTime" : 91.5,
    "minResTime" : 1.0,
    "maxResTime" : 2266.0,
    "pct1ResTime" : 692.7000000000007,
    "pct2ResTime" : 901.8500000000004,
    "pct3ResTime" : 1285.3700000000008,
    "throughput" : 26.554030036434728,
    "receivedKBytesPerSec" : 16.34983926161357,
    "sentKBytesPerSec" : 6.768165858895961
  },
  "Total" : {
    "transaction" : "Total",
    "sampleCount" : 57517,
    "errorCount" : 0,
    "errorPct" : 0.0,
    "meanResTime" : 287.4927065041633,
    "medianResTime" : 471.0,
    "minResTime" : 0.0,
    "maxResTime" : 2889.0,
    "pct1ResTime" : 1093.0,
    "pct2ResTime" : 1297.9500000000007,
    "pct3ResTime" : 1721.9800000000032,
    "throughput" : 159.55050569496302,
    "receivedKBytesPerSec" : 4958.884940049279,
    "sentKBytesPerSec" : 34.113437264212436
  },
  "GET_Sessions" : {
    "transaction" : "GET_Sessions",
    "sampleCount" : 9593,
    "errorCount" : 0,
    "errorPct" : 0.0,
    "meanResTime" : 419.4035234024815,
    "medianResTime" : 299.0,
    "minResTime" : 1.0,
    "maxResTime" : 2879.0,
    "pct1ResTime" : 942.6000000000004,
    "pct2ResTime" : 1171.2999999999993,
    "pct3ResTime" : 1631.2999999999975,
    "throughput" : 26.617499347950346,
    "receivedKBytesPerSec" : 4909.24813320438,
    "sentKBytesPerSec" : 5.588635117001293
  },
  "GET_Session_Data" : {
    "transaction" : "GET_Session_Data",
    "sampleCount" : 9582,
    "errorCount" : 0,
    "errorPct" : 0.0,
    "meanResTime" : 298.4580463368816,
    "medianResTime" : 201.0,
    "minResTime" : 1.0,
    "maxResTime" : 2248.0,
    "pct1ResTime" : 766.0,
    "pct2ResTime" : 973.7000000000007,
    "pct3ResTime" : 1342.3400000000001,
    "throughput" : 26.5948736452074,
    "receivedKBytesPerSec" : 10.16478521506682,
    "sentKBytesPerSec" : 6.778576192772589
  },
  "GET_Health" : {
    "transaction" : "GET_Health",
    "sampleCount" : 9605,
    "errorCount" : 0,
    "errorPct" : 0.0,
    "meanResTime" : 5.864549713690784,
    "medianResTime" : 3.0,
    "minResTime" : 0.0,
    "maxResTime" : 119.0,
    "pct1ResTime" : 14.0,
    "pct2ResTime" : 20.0,
    "pct3ResTime" : 40.0,
    "throughput" : 26.68826549892191,
    "receivedKBytesPerSec" : 5.05617529960044,
    "sentKBytesPerSec" : 3.2057193909837842
  },
  "POST_Messages" : {
    "transaction" : "POST_Messages",
    "sampleCount" : 9570,
    "errorCount" : 0,
    "errorPct" : 0.0,
    "meanResTime" : 256.49885057471187,
    "medianResTime" : 98.0,
    "minResTime" : 1.0,
    "maxResTime" : 2488.0,
    "pct1ResTime" : 674.0,
    "pct2ResTime" : 885.0,
    "pct3ResTime" : 1258.579999999998,
    "throughput" : 26.56363197295339,
    "receivedKBytesPerSec" : 12.373838686828103,
    "sentKBytesPerSec" : 6.173969149963777
  },
  "POST_Sessions" : {
    "transaction" : "POST_Sessions",
    "sampleCount" : 9605,
    "errorCount" : 0,
    "errorPct" : 0.0,
    "meanResTime" : 486.9795939614801,
    "medianResTime" : 396.0,
    "minResTime" : 1.0,
    "maxResTime" : 2889.0,
    "pct1ResTime" : 1047.0,
    "pct2ResTime" : 1272.699999999999,
    "pct3ResTime" : 1704.880000000001,
    "throughput" : 26.645250598512526,
    "receivedKBytesPerSec" : 6.985205323432563,
    "sentKBytesPerSec" : 5.620482548123737
  }
}