{
  "GET_Messages" : {
    "transaction" : "GET_Messages",
    "sampleCount" : 10645,
    "errorCount" : 0,
    "errorPct" : 0.0,
    "meanResTime" : 213.25307656176628,
    "medianResTime" : 35.0,
    "minResTime" : 0.0,
    "maxResTime" : 1966.0,
    "pct1ResTime" : 609.0,
    "pct2ResTime" : 793.0,
    "pct3ResTime" : 1104.539999999999,
    "throughput" : 29.535068905912283,
    "receivedKBytesPerSec" : 18.18471337786715,
    "sentKBytesPerSec" : 7.527981430120222
  },
  "Total" : {
    "transaction" : "Total",
    "sampleCount" : 63988,
    "errorCount" : 0,
    "errorPct" : 0.0,
    "meanResTime" : 258.6021910358198,
    "medianResTime" : 431.0,
    "minResTime" : 0.0,
    "maxResTime" : 2768.0,
    "pct1ResTime" : 990.0,
    "pct2ResTime" : 1158.9500000000007,
    "pct3ResTime" : 1473.9900000000016,
    "throughput" : 177.39458290593552,
    "receivedKBytesPerSec" : 6097.263256082622,
    "sentKBytesPerSec" : 37.929675587729754
  },
  "GET_Sessions" : {
    "transaction" : "GET_Sessions",
    "sampleCount" : 10670,
    "errorCount" : 0,
    "errorPct" : 0.0,
    "meanResTime" : 393.06888472352375,
    "medianResTime" : 280.5,
    "minResTime" : 1.0,
    "maxResTime" : 2297.0,
    "pct1ResTime" : 878.0,
    "pct2ResTime" : 1062.449999999999,
    "pct3ResTime" : 1358.579999999998,
    "throughput" : 29.586947359080725,
    "receivedKBytesPerSec" : 6041.980256405768,
    "sentKBytesPerSec" : 6.212103205275738
  },
  "GET_Session_Data" : {
    "transaction" : "GET_Session_Data",
    "sampleCount" : 10657,
    "errorCount" : 0,
    "errorPct" : 0.0,
    "meanResTime" : 277.4993900722525,
    "medianResTime" : 211.0,
    "minResTime" : 0.0,
    "maxResTime" : 2129.0,
    "pct1ResTime" : 708.0,
    "pct2ResTime" : 869.0,
    "pct3ResTime" : 1154.2600000000002,
    "throughput" : 29.563688012516785,
    "receivedKBytesPerSec" : 11.299870258352845,
    "sentKBytesPerSec" : 7.535275948502813
  },
  "GET_Health" : {
    "transaction" : "GET_Health",
    "sampleCount" : 10684,
    "errorCount" : 0,
    "errorPct" : 0.0,
    "meanResTime" : 5.548015724447747,
    "medianResTime" : 3.0,
    "minResTime" : 0.0,
    "maxResTime" : 98.0,
    "pct1ResTime" : 13.0,
    "pct2ResTime" : 18.0,
    "pct3ResTime" : 33.0,
    "throughput" : 29.688828619541717,
    "receivedKBytesPerSec" : 5.624641359561615,
    "sentKBytesPerSec" : 3.566138593948859
  },
  "POST_Messages" : {
    "transaction" : "POST_Messages",
    "sampleCount" : 10648,
    "errorCount" : 0,
    "errorPct" : 0.0,
    "meanResTime" : 205.64960555973005,
    "medianResTime" : 33.0,
    "minResTime" : 0.0,
    "maxResTime" : 1911.0,
    "pct1ResTime" : 586.0,
    "pct2ResTime" : 756.5499999999993,
    "pct3ResTime" : 1068.5100000000002,
    "throughput" : 29.542818775560033,
    "receivedKBytesPerSec" : 13.761596303748897,
    "sentKBytesPerSec" : 6.866397332600867
  },
  "POST_Sessions" : {
    "transaction" : "POST_Sessions",
    "sampleCount" : 10684,
    "errorCount" : 0,
    "errorPct" : 0.0,
    "meanResTime" : 456.4741669786603,
    "medianResTime" : 379.0,
    "minResTime" : 2.0,
    "maxResTime" : 2768.0,
    "pct1ResTime" : 965.0,
    "pct2ResTime" : 1147.0,
    "pct3ResTime" : 1469.2999999999993,
    "throughput" : 29.620839941002295,
    "receivedKBytesPerSec" : 7.765081383493396,
    "sentKBytesPerSec" : 6.248145925055171
  }
}