{
  "GET_Messages" : {
    "transaction" : "GET_Messages",
    "sampleCount" : 13113,
    "errorCount" : 0,
    "errorPct" : 0.0,
    "meanResTime" : 1371.4434530618448,
    "medianResTime" : 368.0,
    "minResTime" : 1.0,
    "maxResTime" : 27885.0,
    "pct1ResTime" : 3732.6000000000004,
    "pct2ResTime" : 6368.5999999999985,
    "pct3ResTime" : 12223.040000000008,
    "throughput" : 19.736812398685718,
    "receivedKBytesPerSec" : 12.16196470876424,
    "sentKBytesPerSec" : 5.030574253961887
  },
  "Total" : {
    "transaction" : "Total",
    "sampleCount" : 79483,
    "errorCount" : 0,
    "errorPct" : 0.0,
    "meanResTime" : 1346.5691783148523,
    "medianResTime" : 1956.0,
    "minResTime" : 0.0,
    "maxResTime" : 28642.0,
    "pct1ResTime" : 8725.800000000003,
    "pct2ResTime" : 11121.650000000005,
    "pct3ResTime" : 16341.860000000022,
    "throughput" : 119.5554893723273,
    "receivedKBytesPerSec" : 5119.573787589535,
    "sentKBytesPerSec" : 25.53919794529279
  },
  "GET_Sessions" : {
    "transaction" : "GET_Sessions",
    "sampleCount" : 13285,
    "errorCount" : 0,
    "errorPct" : 0.0,
    "meanResTime" : 1763.914565299207,
    "medianResTime" : 713.0,
    "minResTime" : 1.0,
    "maxResTime" : 25015.0,
    "pct1ResTime" : 4753.199999999999,
    "pct2ResTime" : 7241.399999999998,
    "pct3ResTime" : 12669.959999999992,
    "throughput" : 19.985437784136213,
    "receivedKBytesPerSec" : 5082.17274368629,
    "sentKBytesPerSec" : 4.196161253505161
  },
  "GET_Session_Data" : {
    "transaction" : "GET_Session_Data",
    "sampleCount" : 13218,
    "errorCount" : 0,
    "errorPct" : 0.0,
    "meanResTime" : 1647.8980935088548,
    "medianResTime" : 569.0,
    "minResTime" : 1.0,
    "maxResTime" : 26848.0,
    "pct1ResTime" : 4752.300000000001,
    "pct2ResTime" : 7115.349999999995,
    "pct3ResTime" : 12465.249999999987,
    "throughput" : 19.891498182857916,
    "receivedKBytesPerSec" : 7.614590700972904,
    "sentKBytesPerSec" : 5.0700010016854655
  },
  "GET_Health" : {
    "transaction" : "GET_Health",
    "sampleCount" : 13365,
    "errorCount" : 0,
    "errorPct" : 0.0,
    "meanResTime" : 186.74717545828636,
    "medianResTime" : 8.0,
    "minResTime" : 0.0,
    "maxResTime" : 2794.0,
    "pct1ResTime" : 778.0,
    "pct2ResTime" : 1385.699999999999,
    "pct3ResTime" : 1924.0,
    "throughput" : 20.23267960003936,
    "receivedKBytesPerSec" : 3.8331443773512066,
    "sentKBytesPerSec" : 2.4302925691453527
  },
  "POST_Messages" : {
    "transaction" : "POST_Messages",
    "sampleCount" : 13159,
    "errorCount" : 0,
    "errorPct" : 0.0,
    "meanResTime" : 1347.9357094004122,
    "medianResTime" : 365.0,
    "minResTime" : 1.0,
    "maxResTime" : 28642.0,
    "pct1ResTime" : 3696.0,
    "pct2ResTime" : 6186.0,
    "pct3ResTime" : 12111.99999999999,
    "throughput" : 19.805929286255054,
    "receivedKBytesPerSec" : 9.225968893127904,
    "sentKBytesPerSec" : 4.603331220828811
  },
  "POST_Sessions" : {
    "transaction" : "POST_Sessions",
    "sampleCount" : 13343,
    "errorCount" : 0,
    "errorPct" : 0.0,
    "meanResTime" : 1768.4730570336524,
    "medianResTime" : 809.0,
    "minResTime" : 1.0,
    "maxResTime" : 26207.0,
    "pct1ResTime" : 4599.200000000001,
    "pct2ResTime" : 6945.999999999993,
    "pct3ResTime" : 12678.039999999983,
    "throughput" : 20.07057719267634,
    "receivedKBytesPerSec" : 5.272446547685483,
    "sentKBytesPerSec" : 4.233637376580165
  }
}