{
  "GET_Messages" : {
    "transaction" : "GET_Messages",
    "sampleCount" : 6899,
    "errorCount" : 0,
    "errorPct" : 0.0,
    "meanResTime" : 2434.2075663139635,
    "medianResTime" : 1225.0,
    "minResTime" : 0.0,
    "maxResTime" : 26538.0,
    "pct1ResTime" : 7014.0,
    "pct2ResTime" : 9910.0,
    "pct3ResTime" : 15633.0,
    "throughput" : 10.368495643849164,
    "receivedKBytesPerSec" : 6.389083554666424,
    "sentKBytesPerSec" : 2.6427513310982733
  },
  "Total" : {
    "transaction" : "Total",
    "sampleCount" : 42221,
    "errorCount" : 1,
    "errorPct" : 0.0023684895,
    "meanResTime" : 2540.4292650576617,
    "medianResTime" : 3180.5,
    "minResTime" : 0.0,
    "maxResTime" : 31157.0,
    "pct1ResTime" : 9891.800000000003,
    "pct2ResTime" : 12494.0,
    "pct3ResTime" : 17540.780000000035,
    "throughput" : 63.347812061605865,
    "receivedKBytesPerSec" : 5788.594997782241,
    "sentKBytesPerSec" : 13.517231175308892
  },
  "GET_Sessions" : {
    "transaction" : "GET_Sessions",
    "sampleCount" : 7071,
    "errorCount" : 1,
    "errorPct" : 0.014142271,
    "meanResTime" : 3469.596096733142,
    "medianResTime" : 2281.0,
    "minResTime" : 32.0,
    "maxResTime" : 30412.0,
    "pct1ResTime" : 8795.0,
    "pct2ResTime" : 10624.59999999998,
    "pct3ResTime" : 16446.359999999997,
    "throughput" : 10.617244651587407,
    "receivedKBytesPerSec" : 5772.8444877622405,
    "sentKBytesPerSec" : 2.229206640714153
  },
  "GET_Session_Data" : {
    "transaction" : "GET_Session_Data",
    "sampleCount" : 7005,
    "errorCount" : 0,
    "errorPct" : 0.0,
    "meanResTime" : 3122.1793004996375,
    "medianResTime" : 1977.0,
    "minResTime" : 1.0,
    "maxResTime" : 28746.0,
    "pct1ResTime" : 8327.400000000005,
    "pct2ResTime" : 10126.0,
    "pct3ResTime" : 16204.839999999986,
    "throughput" : 10.527976915099869,
    "receivedKBytesPerSec" : 4.0300738451913976,
    "sentKBytesPerSec" : 2.683400366055728
  },
  "GET_Health" : {
    "transaction" : "GET_Health",
    "sampleCount" : 7160,
    "errorCount" : 0,
    "errorPct" : 0.0,
    "meanResTime" : 352.5777932960898,
    "medianResTime" : 10.0,
    "minResTime" : 0.0,
    "maxResTime" : 3301.0,
    "pct1ResTime" : 1482.9000000000005,
    "pct2ResTime" : 2026.8499999999995,
    "pct3ResTime" : 2697.340000000002,
    "throughput" : 10.83417061095038,
    "receivedKBytesPerSec" : 2.052567479027709,
    "sentKBytesPerSec" : 1.3013701026825166
  },
  "POST_Messages" : {
    "transaction" : "POST_Messages",
    "sampleCount" : 6951,
    "errorCount" : 0,
    "errorPct" : 0.0,
    "meanResTime" : 2440.3651273198125,
    "medianResTime" : 1250.0,
    "minResTime" : 0.0,
    "maxResTime" : 28515.0,
    "pct1ResTime" : 7035.4000000000015,
    "pct2ResTime" : 9760.199999999999,
    "pct3ResTime" : 15288.439999999988,
    "throughput" : 10.442597263681966,
    "receivedKBytesPerSec" : 4.864343111468829,
    "sentKBytesPerSec" : 2.427088035894832
  },
  "POST_Sessions" : {
    "transaction" : "POST_Sessions",
    "sampleCount" : 7135,
    "errorCount" : 0,
    "errorPct" : 0.0,
    "meanResTime" : 3444.155711282411,
    "medianResTime" : 2272.0,
    "minResTime" : 46.0,
    "maxResTime" : 31157.0,
    "pct1ResTime" : 8426.600000000008,
    "pct2ResTime" : 10812.399999999998,
    "pct3ResTime" : 16461.920000000016,
    "throughput" : 10.705545727759548,
    "receivedKBytesPerSec" : 2.8122966804368343,
    "sentKBytesPerSec" : 2.2582010519492797
  }
}